-- デモ用シードデータ
-- 使い方: pnpm db:seed-demo:local

-- ユーザー (5人)
INSERT INTO users (user_id, name, created_at) VALUES
('user_alice_00001', '田中', '2025-03-14T09:00:00Z'),
('user_bob_0000002', '鈴木', '2025-03-14T09:05:00Z'),
('user_carol_00003', '佐藤', '2025-03-14T09:10:00Z'),
('user_dave_000004', '高橋', '2025-03-14T09:15:00Z'),
('user_eve_0000005', '伊藤', '2025-03-14T09:20:00Z');

-- レビュー
INSERT INTO reviews (user_id, sake_id, rating, tags, comment, created_at) VALUES
-- 八海山 純米大吟醸 (sake_id=1)
('user_alice_00001', 1, 5, '["淡麗","旨味"]', '非常にクリアで上品。さすがの一言。', '2025-03-15T10:30:00Z'),
('user_bob_0000002', 1, 4, '["淡麗"]', 'スッキリしていて飲みやすい。', '2025-03-15T11:00:00Z'),
('user_carol_00003', 1, 5, '["淡麗","旨味"]', '今回の酒の陣で一番好きだった！', '2025-03-15T12:00:00Z'),

-- 八海山 特別本醸造 (sake_id=2)
('user_dave_000004', 2, 3, '["辛口"]', 'コスパが良い。日常酒にぴったり。', '2025-03-15T10:45:00Z'),
('user_eve_0000005', 2, 4, '["辛口","旨味"]', 'すっきりだけどしっかりした味。', '2025-03-15T11:15:00Z'),

-- 八海山 発泡にごり (sake_id=3)
('user_alice_00001', 3, 4, '["発泡","にごり","甘口"]', 'シュワシュワで飲みやすい！女性にもおすすめ。', '2025-03-15T11:30:00Z'),
('user_bob_0000002', 3, 3, '["発泡","甘口"]', '甘めだけど後味スッキリ。', '2025-03-15T12:30:00Z'),

-- 久保田 萬寿 (sake_id=4)
('user_alice_00001', 4, 5, '["淡麗","旨味"]', '圧倒的な完成度。文句なしの5点。', '2025-03-15T13:00:00Z'),
('user_carol_00003', 4, 5, '["淡麗"]', '上品な香りと味。最高峰。', '2025-03-15T13:30:00Z'),
('user_dave_000004', 4, 4, '["淡麗","旨味"]', 'さすが萬寿。高いだけある。', '2025-03-15T14:00:00Z'),

-- 久保田 千寿 (sake_id=5)
('user_bob_0000002', 5, 4, '["辛口","淡麗"]', '食事に合う。万能タイプ。', '2025-03-15T13:15:00Z'),
('user_eve_0000005', 5, 3, '["辛口"]', '普段飲みの定番。安定感がある。', '2025-03-15T14:30:00Z'),

-- 越乃寒梅 超特撰 (sake_id=7)
('user_alice_00001', 7, 5, '["淡麗","旨味","熟成"]', '限定品。これは飲む価値あり。', '2025-03-15T14:00:00Z'),
('user_bob_0000002', 7, 4, '["淡麗","熟成"]', '深い味わい。じっくり楽しみたい。', '2025-03-15T14:30:00Z'),
('user_eve_0000005', 7, 5, '["淡麗","旨味"]', 'まろやかで奥深い。名酒。', '2025-03-15T15:00:00Z'),

-- 緑川 本醸 (sake_id=9)
('user_carol_00003', 9, 4, '["辛口","淡麗"]', 'キレがある。魚に合いそう。', '2025-03-15T11:00:00Z'),
('user_dave_000004', 9, 3, '["辛口"]', 'さっぱりしてて飲みやすい。', '2025-03-15T11:30:00Z'),

-- 麒麟山 伝統辛口 (sake_id=11)
('user_alice_00001', 11, 3, '["辛口"]', 'ザ・辛口。料理と合わせたい。', '2025-03-15T12:00:00Z'),
('user_dave_000004', 11, 4, '["辛口","淡麗"]', '伝統的な辛口で好み。', '2025-03-15T12:30:00Z'),

-- 麒麟山 大吟醸 (sake_id=12)
('user_bob_0000002', 12, 5, '["淡麗","旨味"]', '限定品だけあって格が違う。', '2025-03-15T13:00:00Z'),
('user_carol_00003', 12, 4, '["淡麗"]', '華やかな香り。美しいお酒。', '2025-03-15T13:30:00Z'),

-- 上善如水 純米吟醸 (sake_id=13)
('user_eve_0000005', 13, 4, '["淡麗","甘口"]', '名前通り水のようにするする飲める。', '2025-03-15T10:30:00Z'),
('user_carol_00003', 13, 3, '["甘口"]', '飲みやすいけどちょっと物足りないかな。', '2025-03-15T11:00:00Z'),

-- ふなぐち 菊水一番しぼり (sake_id=15)
('user_dave_000004', 15, 4, '["濃醇","旨味"]', '濃厚！生原酒の醍醐味を堪能。', '2025-03-15T15:00:00Z'),
('user_alice_00001', 15, 3, '["濃醇"]', 'パンチがある。好き嫌い分かれそう。', '2025-03-15T15:30:00Z'),

-- 今代司 錦鯉 (sake_id=17)
('user_bob_0000002', 17, 5, '["淡麗","旨味"]', 'ボトルが美しい。味も最高。お土産にも。', '2025-03-15T14:00:00Z'),
('user_eve_0000005', 17, 4, '["淡麗"]', 'フルーティーで優雅な味わい。', '2025-03-15T14:30:00Z'),

-- ユーザー追加のにごり原酒 (sake_id=19)
('user_dave_000004', 19, 4, '["にごり","濃醇","旨味"]', '酒蔵限定を発見！濃厚でうまい。', '2025-03-15T11:00:00Z');

-- 酒蔵ノート
INSERT INTO brewery_notes (user_id, brewery_id, comment, created_at) VALUES
('user_alice_00001', 3, '八海醸造のブースは大行列。早めに行くのがおすすめ。', '2025-03-15T10:00:00Z'),
('user_bob_0000002', 28, '朝日酒造の説明員がとても丁寧で知識豊富。', '2025-03-15T12:45:00Z'),
('user_carol_00003', 69, '越乃寒梅の限定品は数量限定。残り少なかった。', '2025-03-15T13:45:00Z'),
('user_dave_000004', 62, '今代司の錦鯉ボトルが写真映えする！', '2025-03-15T14:15:00Z'),
('user_eve_0000005', 6, '上善如水のスパークリングは売り切れてた…', '2025-03-15T11:30:00Z'),
('user_alice_00001', 55, '麒麟山のブースは比較的空いていて穴場。', '2025-03-15T12:15:00Z'),
('user_bob_0000002', 71, '菊水のふなぐちは缶でも有名だけど、蔵の生は別格。', '2025-03-15T15:15:00Z'),
('user_carol_00003', 19, '緑川は派手さはないけど実力派。通好みの酒蔵。', '2025-03-15T11:15:00Z');

-- ブックマーク
INSERT INTO bookmarks (user_id, sake_id, created_at) VALUES
('user_alice_00001', 4, '2025-03-15T13:05:00Z'),
('user_alice_00001', 7, '2025-03-15T14:05:00Z'),
('user_alice_00001', 17, '2025-03-15T14:15:00Z'),
('user_bob_0000002', 1, '2025-03-15T11:05:00Z'),
('user_bob_0000002', 12, '2025-03-15T13:05:00Z'),
('user_bob_0000002', 17, '2025-03-15T14:05:00Z'),
('user_carol_00003', 1, '2025-03-15T12:05:00Z'),
('user_carol_00003', 4, '2025-03-15T13:35:00Z'),
('user_dave_000004', 15, '2025-03-15T15:05:00Z'),
('user_dave_000004', 19, '2025-03-15T11:05:00Z'),
('user_eve_0000005', 7, '2025-03-15T15:05:00Z'),
('user_eve_0000005', 13, '2025-03-15T10:35:00Z');
